Lab_ID_String,Sample_ID,lake,Collection_Date,Anatoxin A,Cylindrospermopsin,Microcystin LA,Microcystin LF,Microcystin LR,Microcystin LW,Microcystin RR,Saxitoxin,Batch,Analysis Date,%Imidazolidine
22-Jul,A2,A2,2006-10-01,,,,,,,,,W07003,2007-02-12 0:00,
23-Jul,A2 LFM,A2 LFM,2006-10-01,,,106.7,29.3,158.4,176.8,35.4,,W07003,2007-02-12 0:00,
21-Jul,A4,A4,2006-10-01,,,,,,,,,W07003,2007-02-12 0:00,
07-1883,CARTER  LFM,CARTER,2007-08-21,59.3,,76.9,23.8,98.7,58.8,102.8,169.2,W07171,2008-03-06 0:00,81.91455
08-1112,CARTER BOAT DOCK 06-10,CARTER,2008-06-10,,,,,,,,,W08102,2009-01-09 0:00,55.106
08-1113,CARTER BOAT DOCK 06-17,CARTER,2008-06-17,,,0,,,,,,W08102,2009-01-09 0:00,40.354
08-1147,CARTER BOAT DOCK 06-23,CARTER,2008-06-23,,,,,,,,,W08102,2009-01-09 0:00,39.404
08-1190,CARTER BOAT DOCK 07-01,CARTER,2008-07-01,1.6,5.1,9.1,12,6.9,10.5,8.9,,W08102,2009-01-09 0:00,33.104
08-1270,CARTER BOAT DOCK 07-07,CARTER,2008-07-07,,,,,,,,,W08123,2009-01-09 0:00,41.2
08-1323,CARTER BOAT DOCK 07-14,CARTER,2008-07-14,,,,,,,,,W08123,2009-01-09 0:00,
08-1349,CARTER BOAT DOCK 07-15,CARTER,2008-07-15,,,,,,,,,W08123,2009-01-09 0:00,24.04
08-1379,CARTER BOAT DOCK 07-28,CARTER,2008-07-28,,,,,,,,,W08143,2009-01-09 0:00,22.994
08-1432,CARTER BOAT DOCK 07-30,CARTER,2008-07-30,,,,,,,,,W08143,2009-01-09 0:00,62.714
08-1437,CARTER BOAT DOCK 08-07,CARTER,2008-08-07,,,,,,,,,W08143,2009-01-09 0:00,19.794
08-1490,CARTER BOAT DOCK 08-12,CARTER,2008-08-12,,,,,,,,,W08143,2009-01-09 0:00,36.742
08-1595,CARTER BOAT DOCK 08-20,CARTER,2008-08-20,,,,,,,,,W08156,2009-01-09 0:00,38.822
08-1600,CARTER BOAT DOCK 08-26,CARTER,2008-08-26,,,,,,,,,W08156,2009-01-09 0:00,36.03
08-1605,CARTER BOAT DOCK 09-02,CARTER,2008-09-02,,,,,,,,,W08156,2009-01-09 0:00,28.918
08-1633,CARTER BOAT DOCK 09-10,CARTER,2008-09-10,,,,,,,,,W08175,2009-01-09 0:00,18.868
08-1634,CARTER BOAT DOCK 09-10 LFM,CARTER,2008-09-10,1.5,1.8,7.6,10,6.5,9,8,,W08175,2009-01-09 0:00,23.048
08-2556,CARTER BOAT DOCK 09-16,CARTER,2008-09-16,,,,,0.1,,,,W08175,2009-01-09 0:00,39.894
08-2564,CARTER BOAT DOCK 09-22,CARTER,2008-09-22,,,,,,,,,W08175,2009-01-09 0:00,37.266
08-2785,CARTER BOAT DOCK 09-29,CARTER,2008-09-29,,,,,,,,,W08224,2009-01-09 0:00,52.244
07-933,CARTER LAKE,CARTER,2007-07-23,,,,,,,,,W07134,2008-03-06 0:00,63.28395
07-1071,CARTER LAKE,CARTER,2007-07-31,,,,,,,,,W07134,2008-03-06 0:00,96.546884
07-1464,CARTER LAKE,CARTER,2007-09-04,,,,,,,,,W07171,2008-03-06 0:00,24.543666
07-1879,CARTER LAKE,CARTER,2007-08-21,,,,,0.9,,,,W07171,2008-03-06 0:00,57.545024
07-1110,CARTER LAKE - N BOAT RAMP LD2,CARTER,2007-08-07,,,,,,,,,W07134,2008-03-06 0:00,35.108606
07-1109,CARTER LAKE - N. BOAT RAMP,CARTER,2007-08-07,,,,,,,,,W07134,2008-03-06 0:00,41.361904
07-1550,CARTER LAKE (N. BOAT RAMP),CARTER,2007-09-09,,,,,,,,,W07171,2008-03-06 0:00,72.004316
07-1209,CARTER LAKE LD1,CARTER,2007-08-14,,,,,,,,,W07134,2008-03-06 0:00,82.449548
07-1418,CARTER LAKE/NORTH BOAT RAMP,CARTER,2007-08-28,,,,,,,,,W07134,2008-03-06 0:00,81.103886
07-1882,CARTER LD2,CARTER,2007-08-21,,,,,,,,,W07171,2008-03-06 0:00,80.298936
20-Jul,D2,,2006-10-01,,,,,,,,,W07003,2007-02-12 0:00,
08-1087,DEWEY 14-16,DEWEY,2008-06-03,,,6.3,,372.1,,,,W08100,2008-06-06 0:00,
08-1095,DEWEY 15-20 CORE C,DEWEY,2008-06-03,,,,,13,,,,W08100,2008-06-06 0:00,
08-1088,DEWEY 16-18,DEWEY,2008-06-03,,,7.6,,408.6,,,,W08100,2008-06-06 0:00,
08-1089,DEWEY 18-20,DEWEY,2008-06-03,,,4.3,,453,,,,W08100,2008-06-06 0:00,
08-1090,DEWEY 22-24,DEWEY,2008-06-03,,,4,,166.2,,,,W08100,2008-06-06 0:00,
08-1091,DEWEY 26-28,DEWEY,2008-06-03,,,,,44.6,,,,W08100,2008-06-06 0:00,
08-1092,DEWEY 30-32,DEWEY,2008-06-03,,,,,21.1,,,,W08100,2008-06-06 0:00,
08-1093,DEWEY 34-36,DEWEY,2008-06-03,,,,,5.3,,,,W08100,2008-06-06 0:00,
08-1094,DEWEY 38-40,DEWEY,2008-06-03,,,,,3,,,,W08100,2008-06-06 0:00,
07-1105,FREMONT #20 - WEST BEACH,FREMONT WEST,2007-08-06,1.3,,,,,,,,W07134,2008-03-06 0:00,80.126084
07-937,FREMONT #20 EAST,FREMONT EAST,2007-07-23,1.7,,,,,,,,W07134,2008-03-06 0:00,97.151898
07-1877,FREMONT #20 EAST,FREMONT EAST,2007-08-20,0.4,,,,,,,,W07171,2008-03-06 0:00,89.329198
07-1106,FREMONT #20 -EAST BEACH,FREMONT EAST,2007-08-06,1.3,,,,,,,,W07134,2008-03-06 0:00,74.380304
07-936,FREMONT #20 WEST,FREMONT WEST,2007-07-23,1.2,,,,,,,1.3,W07134,2008-03-06 0:00,72.919634
07-1878,FREMONT #20 WEST,FREMONT WEST,2007-08-20,1.1,,,,,,,,W07171,2008-03-06 0:00,70.474554
07-1460,FREMONT 20-EAST BEACG,FREMONT EAST,2007-09-04,0.6,,,,,,,,W07171,2008-03-06 0:00,110.503144
07-1461,FREMONT 20-WEST BEACH,FREMONT WEST,2007-09-04,0.8,,,,,,,,W07171,2008-03-06 0:00,108.553152
08-1275,FREMONT EAST 07-08 LFM,FREMONT EAST,2008-07-08,,3.2,,,,,,,W08123,2009-01-09 0:00,64.408
08-1120,FREMONT EAST BEACH 06-10,FREMONT EAST,2008-06-10,,,,,,,,,W08102,2009-01-09 0:00,44.892
08-1121,FREMONT EAST BEACH 06-17,FREMONT EAST,2008-06-17,1.5,4.9,,13.5,7.7,11.7,10,,W08102,2009-01-09 0:00,26.298
08-1151,FREMONT EAST BEACH 06-24,FREMONT EAST,2008-06-24,,,,,,,,,W08102,2009-01-09 0:00,99.676
08-1194,FREMONT EAST BEACH 07-01,FREMONT EAST,2008-07-01,,,,,,,,,W08102,2009-01-09 0:00,76.54
08-1274,FREMONT EAST BEACH 07-08,FREMONT EAST,2008-07-08,,,,,,,,,W08123,2009-01-09 0:00,26.124
08-1327,FREMONT EAST BEACH 07-15,FREMONT EAST,2008-07-15,,,,,,,,,W08123,2009-01-09 0:00,47.852
08-1353,FREMONT EAST BEACH 07-22,FREMONT EAST,2008-07-22,,,,,,,,,W08123,2009-01-09 0:00,59.986
08-1383,FREMONT EAST BEACH 07-29,FREMONT EAST,2008-07-29,,,,,,,,,W08143,2009-01-09 0:00,30.554
08-1384,FREMONT EAST BEACH 07-29 LFM,FREMONT EAST,2008-07-29,10.7,7.6,10.8,13.9,9.1,13.9,12.4,12.4,W08143,2009-01-09 0:00,60.262
08-1436,FREMONT EAST BEACH 08-05,FREMONT EAST,2008-08-05,,,,,,,,,W08143,2009-01-09 0:00,70.494
08-1489,FREMONT EAST BEACH 08-12,FREMONT EAST,2008-08-12,,,,,,,,,W08143,2009-01-09 0:00,27.146
08-1510,FREMONT EAST BEACH 08-19,FREMONT EAST,2008-08-19,,,,,,,,,W08156,2009-01-09 0:00,32.266
08-1599,FREMONT EAST BEACH 08-26,FREMONT EAST,2008-08-26,,,,,,,,,W08156,2009-01-09 0:00,25.424
08-1604,FREMONT EAST BEACH 09-02,FREMONT EAST,2008-09-02,,,,,,,,,W08156,2009-01-09 0:00,30.628
08-1632,FREMONT EAST BEACH 09-09,FREMONT EAST,2008-09-09,,,,,,,,,W08175,2009-01-09 0:00,63.738
08-2555,FREMONT EAST BEACH 09-16,FREMONT EAST,2008-09-16,,,,,,,,,W08175,2009-01-09 0:00,90.82
08-2563,FREMONT EAST BEACH 09-23,FREMONT EAST,2008-09-23,,,,,,,,,W08175,2009-01-09 0:00,35.35
08-2789,FREMONT EAST BEACH 09-30,FREMONT EAST,2008-09-30,,,,,,,,,W08224,2009-01-09 0:00,42.618
08-2790,FREMONT EAST BEACH 09-30 LFM,FREMONT EAST,2008-09-30,11.6,4.3,8.7,11.9,7.2,8.9,10.3,5.9,W08224,2009-01-09 0:00,73.472
08-2812,FREMONT EAST BEACH 10-07,FREMONT EAST,2008-10-07,,,,,,,,,W08224,2009-01-09 0:00,33.264
08-1118,FREMONT WEST BEACH 06-10,FREMONT WEST,2008-06-10,,,,,,,,,W08102,2009-01-09 0:00,88.096
08-1119,FREMONT WEST BEACH 06-17,FREMONT WEST,2008-06-17,,,,,,,,,W08102,2009-01-09 0:00,23.178
08-1150,FREMONT WEST BEACH 06-24,FREMONT WEST,2008-06-24,,,,,,,,,W08102,2009-01-09 0:00,82.742
08-1193,FREMONT WEST BEACH 07-01,FREMONT WEST,2008-07-01,,,,,,,,,W08102,2009-01-09 0:00,66.838
08-1273,FREMONT WEST BEACH 07-08,FREMONT WEST,2008-07-08,,,,,,,,,W08123,2009-01-09 0:00,69.576
08-1326,FREMONT WEST BEACH 07-15,FREMONT WEST,2008-07-15,,,,,,,,,W08123,2009-01-09 0:00,43.8
08-1352,FREMONT WEST BEACH 07-22,FREMONT WEST,2008-07-22,,,,,,,,,W08123,2009-01-09 0:00,49.594
08-1382,FREMONT WEST BEACH 07-29,FREMONT WEST,2008-07-29,,,,,,,,,W08143,2009-01-09 0:00,53.39
08-1435,FREMONT WEST BEACH 08-05,FREMONT WEST,2008-08-05,,,,,,,,,W08143,2009-01-09 0:00,87.418
08-1488,FREMONT WEST BEACH 08-12,FREMONT WEST,2008-08-12,,,,,,,,,W08143,2009-01-09 0:00,89.186
08-1509,FREMONT WEST BEACH 08-19,FREMONT WEST,2008-08-19,0.2,,,,,,,,W08156,2009-01-09 0:00,81.93
08-1511,FREMONT WEST BEACH 08-19 LFM,FREMONT WEST,2008-08-19,8.1,8,9.4,13.5,8.6,10.9,11.1,6.9,W08156,2009-01-09 0:00,56.55
08-1598,FREMONT WEST BEACH 08-26,FREMONT WEST,2008-08-26,,,,,,,,,W08156,2009-01-09 0:00,20.24
08-1603,FREMONT WEST BEACH 09-02,FREMONT WEST,2008-09-02,,,,,,,,,W08156,2009-01-09 0:00,33.856
08-1631,FREMONT WEST BEACH 09-09,FREMONT WEST,2008-09-09,,,,,,,,,W08175,2009-01-09 0:00,83.76
08-2554,FREMONT WEST BEACH 09-16,FREMONT WEST,2008-09-16,,,,,,,,,W08175,2009-01-09 0:00,76.626
08-2562,FREMONT WEST BEACH 09-23,FREMONT WEST,2008-09-23,,,,,,,,,W08175,2009-01-09 0:00,34.666
08-2788,FREMONT WEST BEACH 09-30,FREMONT WEST,2008-09-30,,,,,,,,,W08224,2009-01-09 0:00,63.012
08-2811,FREMONT WEST BEACH 10-07,FREMONT WEST,2008-10-07,,,,,,,,,W08224,2009-01-09 0:00,84.936
07-230,FSL #20 SITE 1 0.5M,FSL #20,2007-05-22,,,,,,,,0.1,W07054,2008-03-06 0:00,35.674706
07-279,FSL #20 SITE 1 EPI,FSL #20,2007-06-04,0.2,,,,,,,0.1,W07062,2008-03-06 0:00,29.649062
07-538,FSL #20 SITE 1 EPI,FSL #20,2007-06-18,0.6,,,,,,,0.2,W07062,2008-03-06 0:00,29.579842
07-800,FSL #20 SITE 1 EPI,FSL #20,2007-07-02,0.1,,,,,,,0.3,W07107,2008-03-06 0:00,41.289578
07-233,FSL #20 SITE 1 HYPO,FSL #20,2007-05-22,0.2,,,,,,,0.7,W07054,2008-03-06 0:00,41.149878
07-280,FSL #20 SITE 1 HYPO,FSL #20,2007-06-04,,,,,0.3,,,,W07062,2008-03-06 0:00,43.055326
07-539,FSL #20 SITE 1 HYPO,FSL #20,2007-06-18,,,,,,,,0.6,W07062,2008-03-06 0:00,57.359172
07-801,FSL #20 SITE 1 HYPO,FSL #20,2007-07-02,,,,,,,,,W07107,2008-03-06 0:00,40.824792
07-231,FSL #20 SITE 2 0.5M,FSL #20,2007-05-22,0.3,,,,,,,,W07054,2008-03-06 0:00,48.475008
07-281,FSL #20 SITE 2 EPI,FSL #20,2007-06-04,,,,,,,,0.2,W07062,2008-03-06 0:00,38.14541
07-540,FSL #20 SITE 2 EPI,FSL #20,2007-06-18,0.4,,,,,,,0.3,W07062,2008-03-06 0:00,48.076626
07-802,FSL #20 SITE 2 EPI,FSL #20,2007-07-02,0.4,,,,,,,1.2,W07107,2008-03-06 0:00,76.147388
07-234,FSL #20 SITE 2 HYPO,FSL #20,2007-05-22,,,,,,,,0,W07054,2008-03-06 0:00,39.746562
07-282,FSL #20 SITE 2 HYPO,FSL #20,2007-06-04,,,,,,,,,W07062,2008-03-06 0:00,45.416806
07-541,FSL #20 SITE 2 HYPO,FSL #20,2007-06-18,,,,,,,,0.1,W07062,2008-03-06 0:00,49.14271
07-803,FSL #20 SITE 2 HYPO,FSL #20,2007-07-02,,,,,,,,1.3,W07107,2008-03-06 0:00,106.343584
07-232,FSL #20 SITE 3 0.5M,FSL #20,2007-05-22,,,,,,,,0.4,W07054,2008-03-06 0:00,44.39768
07-283,FSL #20 SITE 3 EPI,FSL #20,2007-06-04,0.4,,,,,,,0.5,W07062,2008-03-06 0:00,27.320172
07-542,FSL #20 SITE 3 EPI,FSL #20,2007-06-18,0.4,,,,,,,,W07062,2008-03-06 0:00,31.414462
07-804,FSL #20 SITE 3 EPI,FSL #20,2007-07-02,0.5,,,,,,0.2,,W07107,2008-03-06 0:00,87.375754
07-235,FSL #20 SITE 4 0.5M LD1,FSL #20,2007-05-22,0.1,,,,,,,0.3,W07054,2008-03-06 0:00,53.253566
07-236,FSL #20 SITE 4 0.5M LD2,FSL #20,2007-05-22,,,,,,,,0.3,W07054,2008-03-06 0:00,54.036526
07-237,FSL #20 SITE 4 0.5M LFM,FSL #20,2007-05-22,49.3,38.8,89.4,60.6,109,146.9,44.5,191.9,W07054,2008-03-06 0:00,21.310656
07-543,FSL #20 SITE 4 EPI,FSL #20,2007-06-18,0.4,,,,,,,1.1,W07062,2008-03-06 0:00,51.9567
07-284,FSL #20 SITE 4 EPI LD1,FSL #20,2007-06-04,0.2,,,,,,,2.7,W07062,2008-03-06 0:00,35.870442
07-805,FSL #20 SITE 4 EPI LD1,FSL #20,2007-07-02,0.3,,,,,,,,W07107,2008-03-06 0:00,94.497688
07-285,FSL #20 SITE 4 EPI LD2,FSL #20,2007-06-04,,,,,,,,0.4,W07062,2008-03-06 0:00,39.946654
07-806,FSL #20 SITE 4 EPI LD2,FSL #20,2007-07-02,,,,,,,,,W07107,2008-03-06 0:00,111.958264
07-286,FSL #20 SITE 4 EPI LFM,FSL #20,2007-06-04,41.7,17.7,97.2,48.4,119.4,147.5,53.2,136.9,W07062,2008-03-06 0:00,28.585052
07-807,FSL #20 SITE 4 EPI LFM,FSL #20,2007-07-02,64.7,32.9,66.4,15.2,78.6,32.1,60.4,189.1,W07107,2008-03-06 0:00,66.117452
07-1177,FSL 20 SITE 1 EPI,FSL 20 ,2007-04-10,,,,,,,,,W07148,2008-03-06 0:00,98.668872
07-1181,FSL 20 SITE 1 EPI,FSL 20 ,2007-04-24,0.9,,,,,,,,W07148,2008-03-06 0:00,77.26194
07-1187,FSL 20 SITE 1 EPI,FSL 20 ,2007-07-30,0.3,,,,,,,,W07148,2008-03-06 0:00,110.285922
07-1538,FSL 20 SITE 1 EPI,FSL 20 ,2007-09-12,0.8,,,,,,,,W07171,2008-03-06 0:00,70.965918
07-1754,FSL 20 SITE 1 EPI,FSL 20 ,2007-10-11,1.2,,,,,,,1,W07062,2008-03-06 0:00,41.779698
07-1182,FSL 20 SITE 1 HYPO,FSL 20 ,2007-04-24,0.5,,,,,,,,W07148,2008-03-06 0:00,84.850218
07-1188,FSL 20 SITE 1 HYPO,FSL 20 ,2007-07-30,,,,,,,,,W07148,2008-03-06 0:00,79.078286
07-1539,FSL 20 SITE 1 HYPO,FSL 20 ,2007-09-12,0.6,,1.5,,,,,,W07171,2008-03-06 0:00,85.434616
07-1755,FSL 20 SITE 1 HYPO,FSL 20 ,2007-10-10,1.2,,,,,,,0.3,W07062,2008-03-06 0:00,43.535926
07-1178,FSL 20 SITE 2 EPI,FSL 20 ,2007-04-10,0.2,,,,,,,,W07148,2008-03-06 0:00,84.302914
07-1183,FSL 20 SITE 2 EPI,FSL 20 ,2007-04-24,,,,,,,,,W07148,2008-03-06 0:00,105.014618
07-1189,FSL 20 SITE 2 EPI,FSL 20 ,2007-07-30,2.1,,,,,,,,W07148,2008-03-06 0:00,77.436986
07-1540,FSL 20 SITE 2 EPI,FSL 20 ,2007-09-12,0.2,,,,,,,,W07171,2008-03-06 0:00,41.01405
07-1184,FSL 20 SITE 2 HYPO,FSL 20 ,2007-04-24,0.6,,,,,,,,W07148,2008-03-06 0:00,97.306954
07-1190,FSL 20 SITE 2 HYPO,FSL 20 ,2007-07-30,,,,,,,,,W07148,2008-03-06 0:00,80.238758
07-1541,FSL 20 SITE 2 HYPO,FSL 20 ,2007-09-12,0.7,,,,,,,,W07171,2008-03-06 0:00,50.723146
07-1542,FSL 20 SITE 3,FSL 20 ,2007-09-12,0.7,,,,,,,,W07171,2008-03-06 0:00,82.350142
07-1179,FSL 20 SITE 3 EPI,FSL 20 ,2007-04-10,,,,,,,,,W07148,2008-03-06 0:00,106.398854
07-1185,FSL 20 SITE 3 EPI,FSL 20 ,2007-04-24,0.7,,,,,,,,W07148,2008-03-06 0:00,66.891168
07-1191,FSL 20 SITE 3 EPI,FSL 20 ,2007-07-30,0.9,,,,,,,,W07148,2008-03-06 0:00,79.402562
07-1543,FSL 20 SITE 4,FSL 20 ,2007-09-12,1.5,,,,,,,,W07171,2008-03-06 0:00,85.704358
07-1180,FSL 20 SITE 4 EPI,FSL 20 ,2007-04-10,0.3,,,,,,,,W07148,2008-03-06 0:00,93.262284
07-1186,FSL 20 SITE 4 EPI,FSL 20 ,2007-04-24,0.5,,,,,,,,W07148,2008-03-06 0:00,73.504846
07-1192,FSL 20 SITE 4 EPI,FSL 20 ,2007-07-30,,,,,,,,,W07148,,
07-1193,FSL 20 SITE 4 EPI LD1,FSL 20 ,2007-07-30,1.1,,,,,,,,W07148,2008-03-06 0:00,79.320588
07-1194,FSL 20 SITE 4 EPI LD2,FSL 20 ,2007-07-30,0.4,,,,,,,,W07148,2008-03-06 0:00,70.228532
07-1195,FSL 20 SITE 4 EPI LFM,FSL 20 ,2007-07-30,65,27.5,106,23.7,120,86.2,103.8,189.5,W07148,2008-03-06 0:00,63.163402
07-1886,FSL20 SITE 1 EPI,FSL20 ,2007-08-13,0.8,,,,,,,,W07129,2008-03-06 0:00,94.48609
07-1756,FSL20 SITE 2 EPI,FSL20 ,2007-10-10,1,,,,,,,0.3,W07062,2008-03-06 0:00,46.438934
07-1757,FSL20 SITE 2 HYPO,FSL20 ,2007-10-10,1.4,,,,,,,0.8,W07062,2008-03-06 0:00,56.554608
07-1758,FSL20 SITE 3,FSL20 ,2007-10-10,1.9,,,,,,,0.4,W07062,2008-03-06 0:00,47.098752
07-1899,FSL20 SITE 3 EPI LFM,FSL20 ,2007-09-24,71.9,24.3,95.7,19.4,87.6,88,115.1,211.1,W07129,2008-03-06 0:00,84.325764
07-1759,FSL20 SITE 4,FSL20 ,2007-10-10,1,,,,,,,,W07062,2008-03-06 0:00,57.359096
07-1892,FSL20 SITE1 EPI,FSL20 ,2007-09-24,2.9,,,,,,,,W07129,2008-03-06 0:00,78.216832
07-1887,FSL20 SITE1 HYPO,FSL20 ,2007-08-13,,,,,,,,,W07129,2008-03-06 0:00,88.709272
07-1893,FSL20 SITE1 HYPO,FSL20 ,2007-09-24,0.9,,,,,,,,W07129,2008-03-06 0:00,64.929636
07-1888,FSL20 SITE2 EPI,FSL20 ,2007-08-13,1.1,,,,,,,,W07129,2008-03-06 0:00,81.900718
07-1894,FSL20 SITE2 EPI,FSL20 ,2007-09-24,2.4,,,,,,,,W07129,2008-03-06 0:00,100.19398
07-1889,FSL20 SITE2 HYPO,FSL20 ,2007-08-13,0.2,,,,,,,,W07129,2008-03-06 0:00,77.982286
07-1895,FSL20 SITE2 HYPO,FSL20 ,2007-09-24,0.5,,,,,,,,W07129,2008-03-06 0:00,106.00785
07-1890,FSL20 SITE3 EPI,FSL20 ,2007-08-13,0.4,,,,,,,,W07129,2008-03-06 0:00,127.354136
07-1896,FSL20 SITE3 EPI,FSL20 ,2007-09-24,2.3,,,,,,,,W07129,2008-03-06 0:00,91.67973
07-1891,FSL20 SITE4 EPI,FSL20 ,2007-08-13,0.9,,,,,,,1.2,W07129,2008-03-06 0:00,84.736472
07-1897,FSL20 SITE4 EPI,FSL20 ,2007-09-24,3.4,,,,,,,,W07129,2008-03-06 0:00,80.671642
07-1898,FSL20 SITE4 EPI LD2,FSL20 ,2007-09-24,2.4,,,,,,,,W07129,2008-03-06 0:00,81.071916
08-1074,ISLAND 14-16,ISLAND,2008-06-03,,,,,77,,,,W08100,2008-06-06 0:00,
08-1075,ISLAND 16-18,ISLAND,2008-06-03,,,,,73.2,,,,W08100,2008-06-06 0:00,
08-1096,ISLAND 16-18 CORE B,ISLAND,2008-06-03,,,,,82.3,,,,W08100,2008-06-06 0:00,
08-1076,ISLAND 18-20,ISLAND,2008-06-03,,,,,122.9,,,,W08100,2008-06-06 0:00,
08-1077,ISLAND 22-24,ISLAND,2008-06-03,,,,,54,,,,W08100,2008-06-06 0:00,
08-1078,ISLAND 26-28,ISLAND,2008-06-03,,,,,15.2,,,,W08100,2008-06-06 0:00,
08-1079,ISLAND 30-32,ISLAND,2008-06-03,,,,,5.6,,,,W08100,2008-06-06 0:00,
08-1080,ISLAND 34-36,ISLAND,2008-06-03,,,,,,,,,W08100,2008-06-06 0:00,
07-1210,LD2,LD2,2007-08-14,,,,,,,,,W07134,2008-03-06 0:00,89.28791
07-1761,LD2,LD2,2007-10-10,,,,,,,,,W07062,,
24-Jul,LFB,LFB,2006-10-01,136.6,84.4,84.4,117.2,90.5,129.1,142.8,,W07003,2007-02-12 0:00,
07-238,LFB,LFB,2007-05-22,55.9,82.7,103.3,56.4,100.7,112.9,40.4,,W07054,2008-03-06 0:00,73.353436
07-287,LFB,LFB,2007-06-04,55.7,78.7,95.6,49.4,98.9,99.9,45.2,,W07062,2008-03-06 0:00,92.563338
07-808,LFB,LFB,2007-07-02,57.2,69.2,122.2,21.2,88.7,29.1,81.4,,W07107,2008-03-06 0:00,150.256824
07-1112,LFB,LFB,2007-08-07,56,57.7,84.3,28.9,94.4,43.8,71.6,,W07134,2008-03-06 0:00,166.993486
07-1196,LFB,LFB,2007-07-30,49.5,64.1,95.7,18.5,87.5,55.8,83.6,,W07148,2008-03-06 0:00,127.993804
07-1884,LFB,LFB,2007-08-21,57.8,53.7,56.1,34.6,84.8,49.7,85,,W07171,2008-03-06 0:00,160.635274
07-1900,LFB,LFB,2007-09-24,66.6,55.6,82.3,19.1,104.4,43.2,95.4,,W07129,2008-03-06 0:00,178.491284
08-1098,LFB,LFB,2008-06-03,39.2,116.2,93,50.5,87.8,56.4,48.2,34,W08100,2008-06-06 0:00,76.01
08-1122,LFB,LFB,2008-06-18,99.6,62.3,102.3,136.7,80.6,129.7,108.7,84.7,W08102,2009-01-09 0:00,59.148
08-1276,LFB,LFB,2008-07-08,115.5,45.1,95.8,134.8,80.9,106.5,107.9,239.9,W08123,2009-01-09 0:00,74.478
08-1281,LFB,LFB,2008-07-09,200.5,141.2,106.3,78.2,120,101.7,170.9,43.3,W08124,2008-08-20 0:00,256.088
08-1385,LFB,LFB,2008-07-29,83.5,70.7,97.6,138.1,83.3,106.9,118.2,94.6,W08143,2009-01-09 0:00,62.904
08-1512,LFB,LFB,2008-08-20,118.6,68.2,98.7,150.8,89.7,118.2,122.9,84.6,W08156,2009-01-09 0:00,63.234
08-1635,LFB,LFB,2008-09-10,29.2,74.1,109.9,161.3,96.3,130.8,131.4,75.5,W08175,2009-01-09 0:00,45.66
08-2791,LFB,LFB,2008-10-01,111.4,56,88.6,133,77.5,113.4,90.1,146.3,W08224,2009-01-09 0:00,74.506
07-1760,LFM,LFM,2007-10-10,,,,,,,,,W07062,,
25-Jul,LRB,LRB,2006-10-01,,,,,,,,,W07003,2007-02-12 0:00,
07-239,LRB,LRB,2007-05-22,0.1,,,,,,,,W07054,2008-03-06 0:00,72.56557
07-288,LRB,LRB,2007-06-04,,,,,,,,,W07062,2008-03-06 0:00,75.572838
07-809,LRB,LRB,2007-07-02,,,,,,,,,W07107,2008-03-06 0:00,161.362122
07-1113,LRB,LRB,2007-08-07,,,,,0.3,,,,W07134,2008-03-06 0:00,85.533358
07-1197,LRB,LRB,2007-07-30,,,,,,,,,W07148,2008-03-06 0:00,121.586126
07-1885,LRB,LRB,2007-08-21,,,,,,,,,W07171,2008-03-06 0:00,141.449908
07-1901,LRB,LRB,2007-09-24,,,,,,,,,W07129,2008-03-06 0:00,147.35383
08-1099,LRB,LRB,2008-06-03,,,,,,,,,W08100,2008-06-06 0:00,
08-1123,LRB,LRB,2008-06-18,,,,,,,,,W08102,2009-01-09 0:00,99.196
08-1277,LRB,LRB,2008-07-08,,,,,,,,,W08123,2009-01-09 0:00,84.646
08-1282,LRB,LRB,2008-07-09,,,,,,,,,W08124,2008-08-20 0:00,194.87
08-1386,LRB,LRB,2008-07-29,,,,,,,,,W08143,2009-01-09 0:00,93.162
08-1513,LRB,LRB,2008-08-20,,,,,,,,,W08156,2009-01-09 0:00,95.064
08-1636,LRB,LRB,2008-09-10,,,,,,,,,W08175,2009-01-09 0:00,99.258
08-2792,LRB,LRB,2008-10-01,,,,,,,,,W08224,2009-01-09 0:00,132.964
08-1116,PAWNEE EAST BEACH 06-09,PAWNEE EAST,2008-06-09,,,,,,,,,W08102,2009-01-09 0:00,51.738
08-1117,PAWNEE EAST BEACH 06-16,PAWNEE EAST,2008-06-16,,,,,,,,,W08102,2009-01-09 0:00,79.304
08-1149,PAWNEE EAST BEACH 06-23,PAWNEE EAST,2008-06-23,,,,,0.1,,,,W08102,2009-01-09 0:00,84.57
08-1192,PAWNEE EAST BEACH 07-01,PAWNEE EAST,2008-07-01,,,,,,,,,W08102,2009-01-09 0:00,50.478
08-1272,PAWNEE EAST BEACH 07-07,PAWNEE EAST,2008-07-07,,,,,,,,,W08123,2009-01-09 0:00,68.852
08-1325,PAWNEE EAST BEACH 07-14,PAWNEE EAST,2008-07-14,,,,,,,,,W08123,2009-01-09 0:00,31.036
08-1351,PAWNEE EAST BEACH 07-21,PAWNEE EAST,2008-07-21,,,,,,,,,W08123,2009-01-09 0:00,77.456
08-1381,PAWNEE EAST BEACH 07-28,PAWNEE EAST,2008-07-28,,,,,,,,,W08143,2009-01-09 0:00,77.214
08-1434,PAWNEE EAST BEACH 08-04,PAWNEE EAST,2008-08-04,,,,,,,,,W08143,2009-01-09 0:00,52.836
08-1487,PAWNEE EAST BEACH 08-11,PAWNEE EAST,2008-08-11,,,,,,,,,W08143,2009-01-09 0:00,76.724
08-1508,PAWNEE EAST BEACH 08-18,PAWNEE EAST,2008-08-18,,,,,,,,,W08156,2009-01-09 0:00,99.716
08-1597,PAWNEE EAST BEACH 08-25,PAWNEE EAST,2008-08-25,,,,,,,,,W08156,2009-01-09 0:00,62.736
08-1602,PAWNEE EAST BEACH 09-02,PAWNEE EAST,2008-09-02,,,,,,,,,W08156,2009-01-09 0:00,65.326
08-1630,PAWNEE EAST BEACH 09-10,PAWNEE EAST,2008-09-10,,,,,,,,,W08175,2009-01-09 0:00,96.35
08-2553,PAWNEE EAST BEACH 09-15,PAWNEE EAST,2008-09-15,,,,,,,,,W08175,2009-01-09 0:00,33.582
08-2561,PAWNEE EAST BEACH 09-22,PAWNEE EAST,2008-09-22,,,,,,,,,W08175,2009-01-09 0:00,78.13
08-2787,PAWNEE EAST BEACH 09-29,PAWNEE EAST,2008-09-29,,,,,,,,,W08224,2009-01-09 0:00,44.314
07-1208,PAWNEE RE. WEST,PAWNEE WEST,2007-08-13,,,,,10,,33.1,,W07134,2008-03-06 0:00,85.53542
07-1880,PAWNEE RES EAST,PAWNEE EAST,2007-08-21,,,,,14.8,,98.4,,W07171,2008-03-06 0:00,74.499606
07-1881,PAWNEE RES WEST,PAWNEE WEST,2007-08-21,,,,,12.2,,78,,W07171,2008-03-06 0:00,86.759474
07-1207,PAWNEE RES. EAST,PAWNEE EAST,2007-08-13,,,,,14.8,,66.5,,W07134,2008-03-06 0:00,93.634552
07-1073,PAWNEE RES. EAST BEACH,PAWNEE EAST,2007-07-30,0.1,,,,5.1,,4.6,,W07134,2008-03-06 0:00,89.605868
07-1072,PAWNEE RES. WEST BEACH,PAWNEE WEST,2007-07-30,0.2,,,,8,,8,,W07134,2008-03-06 0:00,86.392038
07-1111,PAWNEE RESERVOIR - EAST BEACH LFM,PAWNEE EAST,2007-08-07,42.8,29.4,83.3,11.3,173.1,41,255.5,170,W07134,2008-03-06 0:00,71.158794
07-1108,PAWNEE RESERVOIR - EASY BEACH,PAWNEE EAST,2007-08-06,,,,,6.9,,12.3,,W07134,2008-03-06 0:00,44.217682
07-1107,PAWNEE RESERVOIR - WEST BEACH,PAWNEE WEST,2007-08-06,0.2,,,,5.7,,14.3,,W07134,2008-03-06 0:00,77.365864
07-935,PAWNEE RESERVOIR EAST,PAWNEE EAST,2007-07-23,,,,,11.2,,15.4,1,W07134,2008-03-06 0:00,85.843114
07-1416,PAWNEE RESERVOIR EAST BEACH,PAWNEE EAST,2007-08-27,,,,,6.6,,37.6,,W07134,2008-03-06 0:00,90.56952
07-1548,PAWNEE RESERVOIR EAST BEACH,PAWNEE EAST,2007-09-09,0.3,,,,1.4,,12.1,,W07171,2008-03-06 0:00,87.557966
07-934,PAWNEE RESERVOIR WEST,PAWNEE WEST,2007-07-23,0.5,,0.9,,3.9,,4,1.7,W07134,2008-03-06 0:00,77.019484
07-1417,PAWNEE RESERVOIR WEST BEACH,PAWNEE WEST,2007-08-27,,,,,4.3,,32.7,,W07134,2008-03-06 0:00,76.628854
07-1549,PAWNEE RESERVOIR WEST BEACH,PAWNEE WEST,2007-09-09,,,,,1.8,,19.1,,W07171,2008-03-06 0:00,69.749844
07-1462,PAWNEE RESERVOIR-EAST BEACH,PAWNEE EAST,2007-09-04,,,,,4.7,,20,,W07171,2008-03-06 0:00,89.956626
07-1463,PAWNEE RESERVOIR-WEST BEACH,PAWNEE WEST,2007-09-04,,,,,3.7,,18.4,,W07171,2008-03-06 0:00,81.602916
08-1114,PAWNEE WEST BEACH 06-09,PAWNEE WEST,2008-06-09,,,,,,,,,W08102,2009-01-09 0:00,96.514
08-1115,PAWNEE WEST BEACH 06-16,PAWNEE WEST,2008-06-16,,,,,0.1,,,,W08102,2009-01-09 0:00,89.74
08-1148,PAWNEE WEST BEACH 06-23,PAWNEE WEST,2008-06-23,,,,,,,0.1,,W08102,2009-01-09 0:00,83.74
08-1191,PAWNEE WEST BEACH 07-01,PAWNEE WEST,2008-07-01,,,,,,,,,W08102,2009-01-09 0:00,54.584
08-1271,PAWNEE WEST BEACH 07-07,PAWNEE WEST,2008-07-07,,,,,,,,,W08123,2009-01-09 0:00,21.406
08-1324,PAWNEE WEST BEACH 07-14,PAWNEE WEST,2008-07-14,,,,,,,,,W08123,2009-01-09 0:00,61.094
08-1350,PAWNEE WEST BEACH 07-21,PAWNEE WEST,2008-07-21,,,,,,,,,W08123,2009-01-09 0:00,38.724
08-1380,PAWNEE WEST BEACH 07-28,PAWNEE WEST,2008-07-28,,,,,,,,,W08143,2009-01-09 0:00,75.478
08-1433,PAWNEE WEST BEACH 08-04,PAWNEE WEST,2008-08-04,,,,,0.2,,,,W08143,2009-01-09 0:00,112.062
08-1486,PAWNEE WEST BEACH 08-11,PAWNEE WEST,2008-08-11,,,,,,,,,W08143,2009-01-09 0:00,33.624
08-1507,PAWNEE WEST BEACH 08-18,PAWNEE WEST,2008-08-18,,,,,,,,,W08156,2009-01-09 0:00,31.276
08-1596,PAWNEE WEST BEACH 08-25,PAWNEE WEST,2008-08-25,,1.2,,,1.1,,0.2,,W08156,2009-01-09 0:00,18.412
08-1601,PAWNEE WEST BEACH 09-02,PAWNEE WEST,2008-09-02,0.3,,,,,,,,W08156,2009-01-09 0:00,83.05
08-1629,PAWNEE WEST BEACH 09-10,PAWNEE WEST,2008-09-10,,,,,0.3,,,,W08175,2009-01-09 0:00,44.354
08-2552,PAWNEE WEST BEACH 09-10,PAWNEE WEST,2008-09-15,,,,,,,,,W08175,2009-01-09 0:00,38.32
08-2560,PAWNEE WEST BEACH 09-22,PAWNEE WEST,2008-09-22,,,,,,,,,W08175,2009-01-09 0:00,31.568
08-2786,PAWNEE WEST BEACH 09-29,PAWNEE WEST,2008-09-29,,,,,,,,,W08224,2009-01-09 0:00,19.82
08-1279,RUMEN CONTENT,RUMEN CONTENT,2008-07-09,35.2,,,,,,,,W08124,2008-08-20 0:00,34.656
07-1010,SITE #1 EPI,SITE #1 EPI,2007-07-16,1.2,,,,,,,,W07129,2008-03-06 0:00,87.788004
07-1011,SITE #1 HYPO,SITE #1 HYPO,2007-07-16,,,,,,,,,W07129,2008-03-06 0:00,126.726546
07-1012,SITE #2 EPI,SITE #2 EPI,2007-07-16,0.9,,,,,,,,W07129,2008-03-06 0:00,76.831712
07-1013,SITE #2 HYPO,SITE #2 HYPO,2007-07-16,,,,,,,,,W07129,2008-03-06 0:00,73.129898
07-1014,SITE #3 EPI,SITE #3 EPI,2007-07-16,1.6,,,,,,,,W07129,2008-03-06 0:00,84.393688
07-1015,SITE #4 EPI,SITE #4 EPI,2007-07-16,1.2,,,,,,,1.2,W07129,2008-03-06 0:00,92.891036
07-1406,SITE 1 EPI,SITE 1 EPI,2007-08-28,0.6,,,,,,,,W07129,2008-03-06 0:00,77.216216
07-1407,SITE 1 HYPO,SITE 1 HYPO,2007-08-28,0.6,,,,,,,,W07129,2008-03-06 0:00,113.7807
07-1408,SITE 2 EPI,SITE 2 EPI,2007-08-28,0.8,,,,,,,,W07129,2008-03-06 0:00,66.496118
07-1409,SITE 2 HYPO,SITE 2 HYPO,2007-08-28,0.5,,,,,,,,W07129,2008-03-06 0:00,93.411624
07-1410,SITE 3,SITE 3,2007-08-28,0.5,,,,,,,,W07129,2008-03-06 0:00,92.572982
07-1411,SITE 4,SITE 4,2007-08-28,1,,,,,,,,W07129,2008-03-06 0:00,76.413156
08-1081,TWO MILE 14-16,TWO MILE 14-16,2008-06-03,,,,,25.4,,,,W08100,2008-06-06 0:00,
08-1097,TWO MILE 15-20 CORE C,TWO MILE 15-20 CORE C,2008-06-03,,,,,73.5,,,,W08100,2008-06-06 0:00,
08-1082,TWO MILE 16-18,TWO MILE 16-18,2008-06-03,,,,,21.8,,,,W08100,2008-06-06 0:00,
08-1083,TWO MILE 18-20,TWO MILE 18-20,2008-06-03,,,,,31.7,,,,W08100,2008-06-06 0:00,
08-1084,TWO MILE 22-24,TWO MILE 22-24,2008-06-03,,,,,6.4,,,,W08100,2008-06-06 0:00,
08-1085,TWO MILE 26-28,TWO MILE 26-28,2008-06-03,,,,,,,,,W08100,2008-06-06 0:00,
08-1086,TWO MILE 32-34,TWO MILE 32-34,2008-06-03,,,,,,,,,W08100,2008-06-06 0:00,
08-1278,WATER,WATER,2008-07-09,0.6,,,,,,,,W08124,2008-08-20 0:00,49.286
08-1280,WATER LFM,WATER LFM,2008-07-09,78.7,63.1,100.9,60.4,107.3,86.4,93,217.9,W08124,2008-08-20 0:00,81.318
